ApplicantIncome,CoapplicantIncome,LoanAmount,Loan_Amount_Term,Credit_History,Gender_Male,Married_Yes,Dependents_1,Dependents_2,Dependents_3+,Education_Not Graduate,Self_Employed_Yes,Property_Area_Semiurban,Property_Area_Urban
0.0180433402747658,-0.4025981827884851,-0.2801312501262583,0.2772125909680383,1.0,True,True,False,False,True,True,True,False,False
-0.4985606241781538,0.3277523721824159,-0.4424295140882969,0.0,1.0,True,True,False,False,False,False,False,False,True
-0.5326901158677602,-0.4025981827884851,0.0,0.2772125909680383,1.0,True,True,True,False,False,False,True,True,False
0.0729834976287663,-0.4025981827884851,0.0444652777978187,0.2772125909680383,1.0,True,True,False,False,False,True,False,False,True
0.6207202179156196,1.240273222721773,2.4248398159077174,-0.6847824858196229,1.0,True,True,False,True,False,False,True,False,False
0.1340836120194275,1.1102708239369523,0.2608629630805368,0.2772125909680383,0.0,True,True,True,False,False,False,False,False,True
-0.2100415554069937,0.1088558772782801,-0.4965289354089764,0.2772125909680383,1.0,False,True,False,False,False,False,False,False,True
-0.3543843324552313,-0.1501055623556879,-0.2801312501262583,0.2772125909680383,1.0,True,True,True,False,False,False,True,False,False
0.036689696710063,0.36239185564675,1.67826780168234,0.2772125909680383,1.0,True,False,False,False,False,False,False,False,False
0.525324126510037,0.6399250665356925,-0.2801312501262583,0.2772125909680383,1.0,True,True,False,False,True,False,False,False,False
-0.3367368879718251,0.4558767266830253,-0.0420937963152684,0.0,0.0,True,True,False,False,False,True,False,False,False
-0.429136243521735,-0.2642489205182829,-0.5830880095220636,0.2772125909680383,,False,True,False,False,False,True,False,True,False
-0.2378446047346242,0.3004163942677907,0.4880805326273907,0.2772125909680383,,True,True,True,False,False,False,False,False,True
-0.4597695433797231,-0.0150950454796384,-0.3234107871828019,0.2772125909680383,1.0,True,False,False,False,False,False,False,False,False
4.703439850619116,-0.4025981827884851,1.1264537042114091,0.2772125909680383,1.0,True,True,True,False,False,False,False,True,False
-0.5318576892411844,0.3903538483227788,0.0,-2.608772639394945,1.0,True,True,False,False,False,True,False,False,True
-0.3140948837289643,0.1334791245601562,0.1851237732315854,0.2772125909680383,1.0,True,True,False,False,False,False,False,False,True
-0.2355138101802121,0.0785984971437713,0.2825027316088086,0.2772125909680383,1.0,False,True,False,False,False,False,False,True,False
-0.3408990211047039,-0.4025981827884851,-0.8211254633330535,0.2772125909680383,0.0,True,False,False,True,False,False,False,False,False
7.686357424290712,-0.4025981827884851,5.887202780431206,-0.6847824858196229,1.0,False,True,False,False,True,False,False,False,True
-0.3194224141390492,0.4948983134771849,0.1743038889674495,0.2772125909680383,1.0,True,False,False,False,False,False,False,False,False
-0.4727553987543051,-0.4025981827884851,-0.983423727295092,-0.6847824858196229,1.0,True,False,False,False,False,True,False,False,False
-0.4196465799787713,-0.0269893259463074,-0.3558704399752097,0.2772125909680383,0.0,True,True,False,False,False,True,False,True,False
-0.5754768444737545,-0.4025981827884851,-0.6155476623144713,0.2772125909680383,0.0,False,False,False,False,False,False,False,True,False
-0.2100415554069937,0.1088558772782801,-0.4965289354089764,0.2772125909680383,1.0,True,True,False,False,False,False,False,False,True
1.4964330290733243,-0.4025981827884851,3.030753334699328,0.2772125909680383,1.0,True,True,False,False,False,False,False,True,False
0.1312533614890699,-0.1939265956539419,0.3366021529294881,0.2772125909680383,1.0,True,True,False,True,False,True,True,False,False
0.0674894818933663,-0.4025981827884851,0.5313600696839343,-1.646777562607284,1.0,True,True,False,True,False,False,True,True,False
0.8999161084691312,-0.4025981827884851,-0.7886658105406458,0.2772125909680383,1.0,True,False,False,False,False,False,True,False,True
-0.2100415554069937,0.1088558772782801,-0.4965289354089764,0.2772125909680383,1.0,False,True,False,False,False,False,False,False,True
-0.3408990211047039,-0.4025981827884851,-0.8211254633330535,0.2772125909680383,0.0,True,False,False,True,False,False,False,False,False
5.727824057283252,-0.4025981827884851,4.805214354017616,-2.608772639394945,0.0,True,True,False,False,True,False,False,True,False
-0.2932842180645701,-0.4025981827884851,-0.4965289354089764,0.2772125909680383,1.0,True,False,False,False,False,True,False,False,False
-0.5628239597498028,-0.1108753039743937,-0.7670260420123739,0.2772125909680383,,True,True,True,False,False,False,False,False,True
5.348237515564704,-0.4025981827884851,-0.0420937963152684,0.2772125909680383,1.0,True,False,True,False,False,False,False,True,False
-0.2639828008091032,-0.0443090676784745,-0.4316096298241609,0.2772125909680383,1.0,True,True,False,True,False,False,False,True,False
-0.287623717003855,-0.4025981827884851,-1.0158833800874998,0.2772125909680383,1.0,False,False,True,False,False,True,True,True,False
-0.4016661648447348,0.2060968368829772,0.0552851620619546,0.2772125909680383,1.0,True,False,False,False,False,False,False,False,True
-0.4041634447244621,0.4320881657496875,0.2608629630805368,-0.6847824858196229,0.0,True,True,False,False,True,False,False,True,False
-0.287623717003855,-0.4025981827884851,-1.0158833800874998,0.2772125909680383,1.0,False,False,True,False,False,True,True,True,False
-0.6299175458518095,-0.0549513186223362,-1.1024424542005868,0.2772125909680383,1.0,False,False,False,False,False,False,False,False,True
-0.8192113607351384,0.7025265426760554,0.1310243519109059,0.2772125909680383,1.0,False,True,False,False,False,False,True,False,False
-0.5430122060372996,0.1017610433157056,-0.2152119445414429,0.2772125909680383,1.0,True,True,False,False,False,False,False,False,True
-0.1294626579544596,-0.2099943078633017,-0.3883300927676174,-2.608772639394945,1.0,True,True,False,False,False,False,False,False,True
-0.4294692141723653,0.0539752498618952,-0.0312739120511325,0.2772125909680383,1.0,True,True,False,False,False,False,False,False,False
-0.5346879397715419,0.2931128887180817,0.1743038889674495,0.2772125909680383,1.0,True,True,False,False,False,False,False,True,False
-0.2696433018698184,0.1255496042490435,-1.091622569936451,0.2772125909680383,1.0,True,False,False,False,False,True,False,False,False
-0.3643734519741405,0.519104217584792,-0.3558704399752097,0.2772125909680383,1.0,True,True,False,False,False,True,False,True,False
-0.351887052575504,-0.4025981827884851,-0.0096341435228607,-4.917560823685332,1.0,False,False,True,False,False,False,False,True,False
-0.4352962005583957,0.0320647332127682,-0.3883300927676174,0.2772125909680383,1.0,True,False,False,False,False,False,False,False,False
0.0341924168303357,-0.4025981827884851,-0.2584914815979865,0.2772125909680383,1.0,True,False,False,False,False,True,True,True,False
-0.4327989206786684,-0.4025981827884851,-1.0375231486157714,0.2772125909680383,1.0,False,False,False,False,False,False,False,False,True
-0.122303788965908,-0.2294007654668143,-0.3342306714469378,0.2772125909680383,1.0,True,True,False,False,False,False,False,True,False
-0.5260307028551541,-0.4025981827884851,-0.8752248846537329,0.2772125909680383,1.0,True,False,False,False,False,False,False,False,True
-0.3220861793440916,0.6541147344608413,0.3366021529294881,0.2772125909680383,1.0,True,False,False,False,False,False,False,True,False
-0.4897369019364507,-0.0895908020866703,-0.4640692826165686,-2.608772639394945,0.0,True,True,True,False,False,True,False,False,False
-0.6267543246708216,-0.4025981827884851,0.0,0.2772125909680383,0.0,False,False,False,False,True,True,False,False,True
0.7334307831539782,-0.0549513186223362,0.7477577549666524,0.2772125909680383,1.0,False,False,False,False,False,False,False,False,False
-0.5984518193672456,-0.4025981827884851,0.0,0.2772125909680383,1.0,True,False,False,False,False,True,False,False,True
-0.051547525706968,-0.1041978131860884,0.0552851620619546,0.2772125909680383,0.0,True,True,True,False,False,True,False,True,False
-0.2183658216727513,0.2234165786151443,0.1743038889674495,-4.147964762255203,1.0,True,True,True,False,False,False,False,False,False
0.1507321445509428,-0.4025981827884851,-0.5506283567296559,0.2772125909680383,0.0,True,False,False,False,False,False,False,False,False
-0.1684202240782054,0.0320647332127682,0.0444652777978187,0.2772125909680383,1.0,True,True,False,True,False,False,True,True,False
0.0090531327077476,-0.4025981827884851,-1.210641296841946,0.2772125909680383,1.0,True,True,True,False,False,False,False,False,True
-0.4176487560749894,-0.4025981827884851,-0.3883300927676174,0.2772125909680383,1.0,False,False,False,False,False,False,False,True,False
-0.5736455058952877,0.272871744766031,0.2392231945522649,0.2772125909680383,0.0,False,True,False,False,False,True,False,True,False
-0.5187053485412874,0.2261293092478933,0.347422037193624,0.2772125909680383,1.0,True,True,False,False,False,False,True,False,True
0.6263807189763348,-0.4025981827884851,1.472690000663758,0.2772125909680383,1.0,False,False,False,False,True,False,True,True,False
-0.4985606241781538,-0.4025981827884851,0.0444652777978187,0.2772125909680383,1.0,False,False,True,False,False,False,False,False,True
-0.5736455058952877,0.272871744766031,0.2392231945522649,0.2772125909680383,0.0,False,True,False,False,False,True,False,True,False
-0.3765268807221467,0.1190807850478727,-0.3017710186545301,0.2772125909680383,1.0,True,True,False,False,False,False,False,True,False
-0.3408990211047039,-0.4025981827884851,-0.8211254633330535,0.2772125909680383,0.0,True,False,False,True,False,False,False,False,False
-0.430301640798941,0.2517959144654422,0.0,0.2772125909680383,0.0,True,True,False,False,False,True,False,False,True
0.2894144205384652,-0.4025981827884851,-0.3883300927676174,0.2772125909680383,1.0,True,False,False,False,False,True,False,False,False
-0.398669428989062,0.0677475746127751,-0.3234107871828019,-2.608772639394945,0.0,True,False,False,False,False,True,False,False,True
0.6839846415353777,-0.4025981827884851,-0.4748891668807046,0.2772125909680383,1.0,True,True,False,True,False,False,False,False,True
-0.2378446047346242,-0.4025981827884851,-1.210641296841946,0.2772125909680383,1.0,False,False,False,False,False,False,False,True,False
-0.420479006605347,-0.4025981827884851,-0.9185044217102766,2.2012027445433606,1.0,True,False,False,False,False,False,False,False,True
0.5334819074504795,-0.4025981827884851,1.1048139356831372,0.2772125909680383,0.0,True,True,False,True,False,False,False,False,True
-0.5228674816741661,0.084232629996404,0.2716828473446727,0.2772125909680383,0.0,True,True,False,False,False,True,False,False,True
-0.2478337242535334,-0.4025981827884851,-1.2539208338984895,-2.608772639394945,1.0,True,True,False,False,True,False,False,False,False
-0.4377934804381229,0.7870385354655454,-0.0096341435228607,-4.532762792970267,1.0,True,False,False,False,False,False,False,False,True
0.0674894818933663,-0.4025981827884851,0.0011857407412751,0.2772125909680383,1.0,False,False,False,False,False,False,False,False,True
-0.558661826616924,0.1240889031391017,-0.3017710186545301,0.2772125909680383,1.0,True,True,True,False,False,True,False,False,True
-0.515209156709669,-0.0186424624609257,-0.5073488196731123,0.2772125909680383,1.0,True,True,False,True,False,False,False,False,True
-0.1988870386108784,-0.4025981827884851,-0.312590902918666,0.2772125909680383,0.0,True,True,False,True,False,False,False,True,False
-0.5490056777486452,-0.0850000271697104,-0.5614482409937918,0.2772125909680383,1.0,True,True,False,False,False,False,False,False,True
0.0180433402747658,-0.4025981827884851,-0.3017710186545301,0.2772125909680383,1.0,True,True,False,False,True,False,False,False,True
0.1091108132221545,-0.131325119513579,-0.5181687039372482,0.2772125909680383,1.0,True,True,False,True,False,False,True,False,False
-0.4875725927073537,0.4946896418900504,-0.3775102085034814,0.2772125909680383,1.0,True,True,False,False,False,False,False,False,False
-0.1214713623393323,0.7709708232561855,0.563819722476342,0.2772125909680383,1.0,True,True,False,True,False,False,False,True,False
-0.3292450483326432,-0.4025981827884851,-0.5289885882013841,0.2772125909680383,1.0,True,False,False,True,False,False,False,True,False
-0.3492232873704616,0.0072328143437576,-0.4316096298241609,0.2772125909680383,1.0,True,True,False,False,False,False,False,False,False
-0.1406171747505749,-0.4025981827884851,-0.6696470836351508,0.2772125909680383,1.0,False,False,False,False,False,False,False,True,False
-0.4452853200773048,-0.3992343966285921,-0.7453862734841021,0.2772125909680383,1.0,True,True,False,False,False,False,False,False,False
-0.8621645746664479,8.292120838346523,2.1002432879836404,-2.608772639394945,,False,False,False,False,True,False,False,False,True
3.0314277284790347,-0.4025981827884851,2.316640973266358,0.2772125909680383,1.0,False,True,False,False,True,False,False,False,False
-0.2100415554069937,-0.0246939384878274,0.0444652777978187,0.2772125909680383,0.0,True,True,False,False,True,False,False,False,True
-0.1684202240782054,-0.4025981827884851,-0.4748891668807046,0.2772125909680383,1.0,False,True,False,False,False,False,False,False,False
0.9831587711267076,-0.4025981827884851,1.4077706950789424,0.2772125909680383,0.0,False,True,True,False,False,False,True,False,True
-0.417149300099044,-0.1354985512562698,-0.3775102085034814,0.2772125909680383,0.0,True,True,True,False,False,False,False,True,False
-0.605444203030482,-0.0987723519205902,-1.0375231486157714,-0.6847824858196229,,True,True,False,True,False,True,False,False,True
-0.6267543246708216,-0.4025981827884851,0.0,0.2772125909680383,0.0,False,False,False,False,True,True,False,False,True
0.036689696710063,0.36239185564675,1.67826780168234,0.2772125909680383,1.0,True,False,False,False,False,False,False,False,False
-0.4441199228000987,0.0992569842700911,-0.4857090511448405,0.2772125909680383,1.0,True,False,False,False,False,True,False,True,False
0.3839780853174721,-0.0201031635708675,0.2608629630805368,0.2772125909680383,1.0,True,True,False,False,False,False,False,False,False
2.312377608442889,-0.4025981827884851,4.805214354017616,0.2772125909680383,1.0,False,True,True,False,False,False,True,True,False
-0.3448946689122676,0.2714110436560892,-0.0420937963152684,0.2772125909680383,0.0,True,True,False,False,False,True,False,False,False
-0.7607750115495198,0.176048128335603,-0.4748891668807046,0.2772125909680383,1.0,True,True,False,False,False,False,False,False,False
-0.5932907742824758,-0.0620461525849106,-0.4640692826165686,2.2012027445433606,1.0,False,True,False,True,False,False,False,True,False
-0.4527771597164867,-0.0374229053030346,-0.5506283567296559,0.2772125909680383,1.0,True,True,False,False,False,True,False,True,False
-0.0783516630827076,-0.4025981827884851,-0.3450505557110737,0.0,0.0,True,False,False,False,False,False,False,False,False
1.7523209740827146,-0.4025981827884851,1.1264537042114091,0.2772125909680383,1.0,True,True,False,False,False,False,True,False,True
-0.4674278683442202,-0.0025747502515659,-0.1070131019000839,0.2772125909680383,0.0,True,True,True,False,False,False,False,False,False
1.7739640663736844,-0.4025981827884851,0.3907015742501676,0.2772125909680383,0.0,True,False,False,False,False,False,True,False,True
-0.0130894155591677,1.955390751831852,3.669126506283346,0.2772125909680383,0.0,True,True,False,False,True,False,False,True,False
-0.4407902162937957,-0.0553686617966053,-0.9293243059744124,-2.608772639394945,0.0,True,True,False,False,True,True,False,False,True
-0.2821297012684549,-0.4025981827884851,-0.7129266206916944,0.2772125909680383,1.0,True,True,False,True,False,False,False,True,False
-0.5180394072400267,0.1119859510852982,-0.7129266206916944,-2.608772639394945,0.0,True,True,False,False,False,False,False,False,False
-0.2654811687369396,0.0721296779426005,-0.1286528704283557,0.2772125909680383,1.0,False,False,False,False,False,False,False,True,False
-0.10815253631412,-0.4025981827884851,0.0,0.2772125909680383,0.0,True,True,True,False,False,False,False,False,False
-0.5013908747085114,0.0387422240010736,-0.3883300927676174,0.2772125909680383,,True,True,False,False,False,False,False,False,True
-0.3071025000657278,0.0320647332127682,-0.3883300927676174,0.2772125909680383,1.0,False,False,False,True,False,False,False,True,False
-0.0783516630827076,-0.4025981827884851,-0.3450505557110737,0.0,0.0,True,False,False,False,False,False,False,False,False
-0.515209156709669,3.770833559902378,-0.5722681252579277,0.2772125909680383,1.0,True,False,False,False,False,False,False,True,False
-0.3327412401642614,-0.4025981827884851,-0.6047277780503354,-1.646777562607284,,True,False,True,False,False,True,False,False,True
-0.5165410393121903,0.0929968366560548,0.0,0.2772125909680383,1.0,True,True,True,False,False,True,False,False,False
-0.5228674816741661,0.084232629996404,0.2716828473446727,0.2772125909680383,0.0,True,True,False,False,False,True,False,False,True
-0.2183658216727513,0.2234165786151443,0.1743038889674495,-4.147964762255203,1.0,True,True,True,False,False,False,False,False,False
-0.2155355711423937,-0.4025981827884851,-0.2152119445414429,0.2772125909680383,0.0,False,False,False,False,False,False,False,True,False
-0.1522711475226356,0.0328994195613064,0.0,0.2772125909680383,1.0,True,False,False,False,False,False,False,True,False
-0.8621645746664479,8.292120838346523,2.1002432879836404,-2.608772639394945,,False,False,False,False,True,False,False,False,True
-0.3603778041665768,-0.1417586988703061,-0.3017710186545301,0.2772125909680383,0.0,True,True,False,False,True,False,False,True,False
-0.4985606241781538,-0.4025981827884851,0.0444652777978187,0.2772125909680383,1.0,False,False,True,False,False,False,False,False,True
-0.7649371446823986,0.2280073535321042,-0.4965289354089764,0.2772125909680383,1.0,True,True,True,False,False,False,True,False,True
0.1507321445509428,-0.4025981827884851,-0.5506283567296559,0.2772125909680383,0.0,True,False,False,False,False,False,False,False,False
0.1976810062898159,-0.4025981827884851,0.0,0.2772125909680383,,True,False,False,False,False,False,False,False,True
-0.515209156709669,-0.4025981827884851,-0.9617839587668202,0.2772125909680383,1.0,False,False,False,False,False,False,False,False,True
0.0546701118440995,0.0260132571858665,0.5962793752687497,0.2772125909680383,1.0,True,True,False,False,False,False,False,False,False
-0.5013908747085114,0.0894494196747676,-0.3883300927676174,0.2772125909680383,1.0,True,True,False,False,False,True,False,False,True
-0.4019991354953651,-0.4025981827884851,-0.9185044217102766,0.2772125909680383,0.0,False,False,False,False,False,False,False,False,True
-0.515209156709669,-0.4025981827884851,-0.648007315106879,2.2012027445433606,1.0,True,False,False,False,False,False,False,True,False
-0.3125965158011279,-0.4025981827884851,-0.3883300927676174,0.2772125909680383,1.0,True,True,False,True,False,False,False,True,False
-0.4319664940520926,-0.0549513186223362,-0.6047277780503354,2.2012027445433606,0.0,True,True,False,False,False,True,False,False,True
-0.4727553987543051,-0.4025981827884851,-0.983423727295092,-0.6847824858196229,1.0,True,False,False,False,False,True,False,False,False
-0.3367368879718251,0.4558767266830253,-0.0420937963152684,0.0,0.0,True,True,False,False,False,True,False,False,False
-0.4056618126522984,0.2344761727332751,-0.7237465049558304,0.2772125909680383,1.0,True,False,False,False,False,False,False,False,False
0.1687125596849793,-0.4025981827884851,-0.204392060277307,-2.608772639394945,1.0,True,True,True,False,False,True,False,False,True
-0.4875725927073537,0.0320647332127682,-0.658827199371015,0.2772125909680383,1.0,True,True,False,False,True,False,False,False,False
1.847550580162982,-0.4025981827884851,-0.4965289354089764,0.2772125909680383,1.0,False,True,False,False,False,False,False,True,False
-0.4041634447244621,0.0737990506396768,-0.0204540277869966,0.2772125909680383,1.0,False,True,False,False,False,False,False,True,False
-0.4196465799787713,-0.0269893259463074,-0.3558704399752097,0.2772125909680383,0.0,True,True,False,False,False,True,False,True,False
0.2894144205384652,-0.4025981827884851,-0.3883300927676174,0.2772125909680383,1.0,True,False,False,False,False,True,False,False,False
0.8026886784850819,-0.4025981827884851,0.3366021529294881,0.2772125909680383,0.0,True,False,False,False,False,False,True,False,True
-0.4805802090441173,-0.1590784406024732,-0.6371874308427431,0.2772125909680383,1.0,True,True,False,True,False,False,False,True,False
0.1229290952233122,0.5537437010491261,1.115633819947273,0.2772125909680383,,True,True,False,False,False,False,False,True,False
-0.2654811687369396,1.2146066175042245,1.451050232135486,0.2772125909680383,1.0,True,True,False,False,True,False,False,True,False
-0.562990445075118,-0.167842647262124,0.0,0.2772125909680383,1.0,True,True,False,False,False,False,False,False,True
-0.4504463651620746,-0.4025981827884851,-1.1998214125778102,-2.608772639394945,0.0,True,True,False,True,False,True,False,False,True
-0.3418979330565948,-0.4025981827884851,-0.4748891668807046,0.2772125909680383,,False,False,True,False,False,False,False,True,False
-0.4677608389948505,0.0180837368747538,-0.4965289354089764,0.2772125909680383,1.0,True,True,False,False,False,False,False,False,False
-0.4054953273269833,-0.4025981827884851,-0.6047277780503354,0.2772125909680383,1.0,False,False,False,False,False,False,False,True,False
1.843221961704788,-0.4025981827884851,1.2887519681734476,0.2772125909680383,1.0,True,True,False,True,False,False,False,False,True
-0.5355203663981177,-0.4025981827884851,-1.5893372460867026,0.2772125909680383,1.0,False,False,False,False,False,False,False,False,True
0.6515200030989229,-0.4025981827884851,0.3366021529294881,0.2772125909680383,1.0,True,False,False,False,False,False,False,False,False
-0.2175333950461755,0.2782972060315291,-0.2476715973338506,-2.608772639394945,1.0,True,True,False,True,False,True,False,False,True
2.437075117103938,-0.4025981827884851,3.5068282423213075,0.2772125909680383,1.0,True,False,False,False,False,False,False,False,False
-0.5408478968082027,-0.068723643373216,-0.2584914815979865,0.2772125909680383,1.0,True,False,False,False,False,True,False,True,False
-0.3324082695136311,-0.134037850146328,-0.6047277780503354,0.2772125909680383,1.0,True,False,False,False,False,True,False,False,False
0.8013567958825606,-0.4025981827884851,1.115633819947273,0.2772125909680383,1.0,False,False,False,False,False,False,False,False,True
-0.1684202240782054,-0.087921429389594,-0.3017710186545301,0.2772125909680383,1.0,True,True,True,False,False,False,False,False,False
-0.1684202240782054,-0.4025981827884851,-0.2476715973338506,0.2772125909680383,0.0,False,False,False,False,False,False,True,True,False
1.7739640663736844,-0.4025981827884851,0.3907015742501676,0.2772125909680383,0.0,True,False,False,False,False,False,True,False,True
0.1091108132221545,-0.0488998425954344,0.5854594910046139,0.2772125909680383,1.0,True,True,False,True,False,False,False,True,False
-0.4196465799787713,-0.0269893259463074,-0.3558704399752097,0.2772125909680383,0.0,True,True,False,False,False,True,False,True,False
-0.3408990211047039,-0.4025981827884851,-0.8211254633330535,0.2772125909680383,0.0,True,False,False,True,False,False,False,False,False
-0.515209156709669,0.5572911180304133,0.2175834260239932,0.2772125909680383,1.0,True,True,False,True,False,False,True,False,False
-0.1684202240782054,-0.4025981827884851,-0.4748891668807046,0.2772125909680383,1.0,False,True,False,False,False,False,False,False,False
-0.4319664940520926,-0.0549513186223362,-0.6047277780503354,2.2012027445433606,0.0,True,True,False,False,False,True,False,False,True
-0.417149300099044,-0.1354985512562698,-0.3775102085034814,0.2772125909680383,0.0,True,True,True,False,False,False,False,True,False
-0.2015508038159209,-0.0284500270562492,-0.4207897455600251,0.2772125909680383,1.0,True,False,True,False,False,False,False,False,True
-0.287623717003855,-0.4025981827884851,-1.0158833800874998,0.2772125909680383,1.0,False,False,True,False,False,True,True,True,False
-0.1504398089441689,-0.4025981827884851,-0.6047277780503354,0.2772125909680383,1.0,True,True,False,False,True,False,False,True,False
-0.3109316625479764,-0.032206115624671,-0.2693113658621224,0.2772125909680383,1.0,True,True,False,False,False,False,False,True,False
-0.8621645746664479,8.292120838346523,2.1002432879836404,-2.608772639394945,,False,False,False,False,True,False,False,False,True
-0.4019991354953651,-0.4025981827884851,-0.9185044217102766,0.2772125909680383,0.0,False,False,False,False,False,False,False,False,True
-0.0989958434217866,0.3626005272338846,0.8667764818721474,0.2772125909680383,1.0,True,True,False,True,False,False,False,True,False
-0.4233092571357046,-0.1876664480399056,-0.6047277780503354,0.2772125909680383,1.0,True,True,True,False,False,False,False,False,True
0.8026886784850819,-0.4025981827884851,0.3366021529294881,0.2772125909680383,0.0,True,False,False,False,False,False,True,False,True
4.703439850619116,-0.4025981827884851,1.1264537042114091,0.2772125909680383,1.0,True,True,True,False,False,False,False,True,False
-0.5068848904439115,0.0235091981402519,-0.3234107871828019,0.2772125909680383,1.0,True,False,False,False,False,True,False,False,False
2.3533329984704165,0.696266395062019,4.480617826093539,0.2772125909680383,1.0,True,True,False,False,False,False,False,False,False
-0.6267543246708216,-0.4025981827884851,0.0,0.2772125909680383,0.0,False,False,False,False,True,True,False,False,True
0.0376886086619539,-0.4025981827884851,-0.1286528704283557,0.2772125909680383,1.0,True,True,False,False,False,False,False,False,True
0.1976810062898159,-0.4025981827884851,0.0,0.2772125909680383,,True,False,False,False,False,False,False,False,True
-0.1569327366314599,0.3450721139145829,0.0,0.2772125909680383,1.0,True,True,False,False,False,False,False,True,False
-0.4043299300497772,0.2202865048081261,-0.2584914815979865,0.2772125909680383,,False,False,False,False,False,False,False,False,False
-0.4061612686282439,-0.0313714292761328,-0.1719324074848993,0.2772125909680383,1.0,True,True,True,False,False,False,False,True,False
0.1034503121614393,-0.4025981827884851,-0.2476715973338506,0.2772125909680383,1.0,True,False,False,False,False,True,False,False,False
0.0390204912644751,-0.4025981827884851,-0.1935721760131711,0.2772125909680383,1.0,True,True,False,False,False,False,False,False,False
1.5435483761375126,-0.4025981827884851,-0.9293243059744124,0.2772125909680383,1.0,False,True,False,True,False,False,False,False,True
-0.515209156709669,0.3895191619742406,-0.3883300927676174,0.2772125909680383,1.0,True,True,False,False,False,False,False,False,True
0.0674894818933663,-0.4025981827884851,0.5313600696839343,-1.646777562607284,1.0,True,True,False,True,False,False,True,True,False
-0.5887956704989668,0.0427069841566299,-0.7345663892199662,0.2772125909680383,,True,True,False,False,False,False,False,False,True
-0.4194800946534561,0.1015523717285711,-0.1827522917490352,0.2772125909680383,1.0,True,True,False,False,False,False,False,False,False
-0.3367368879718251,0.4558767266830253,-0.0420937963152684,0.0,0.0,True,True,False,False,False,True,False,False,False
-0.10815253631412,-0.4025981827884851,0.0,0.2772125909680383,0.0,True,True,True,False,False,False,False,False,False
-0.3765268807221467,0.0493844749449353,-0.2801312501262583,0.2772125909680383,,True,True,False,False,True,True,True,True,False
-0.2961144685949278,-0.2452598060890395,0.0444652777978187,0.2772125909680383,1.0,True,False,False,False,False,False,False,False,True
0.1034503121614393,-0.4025981827884851,-0.2476715973338506,0.2772125909680383,1.0,True,False,False,False,False,True,False,False,False
0.1340836120194275,1.1102708239369523,0.2608629630805368,0.2772125909680383,0.0,True,True,True,False,False,False,False,False,True
-0.2654811687369396,0.1190807850478727,-0.1719324074848993,0.2772125909680383,1.0,True,False,False,False,False,False,False,False,False
-0.3167586489340067,-0.4025981827884851,-0.6804669678992867,0.2772125909680383,,False,False,False,False,False,False,False,False,False
-0.3071025000657278,-0.4025981827884851,-0.4640692826165686,2.2012027445433606,1.0,True,False,False,False,False,False,False,False,True
-0.5153756420349842,0.1103165783882219,0.0444652777978187,0.2772125909680383,1.0,True,True,False,False,False,False,False,True,False
-0.2674789926407214,-0.4025981827884851,-1.1457219912571306,-1.646777562607284,1.0,True,True,True,False,False,False,False,False,True
-0.5736455058952877,0.272871744766031,0.2392231945522649,0.2772125909680383,0.0,False,True,False,False,False,True,False,True,False
-0.7649371446823986,0.2280073535321042,-0.4965289354089764,0.2772125909680383,1.0,True,True,True,False,False,False,True,False,True
-0.3765268807221467,0.0147449914806011,-0.6155476623144713,0.2772125909680383,,True,True,False,True,False,True,False,True,False
-0.2668130513394608,-0.4025981827884851,0.0,-2.608772639394945,1.0,True,True,False,False,True,True,False,False,True
0.5945820218411406,-0.4025981827884851,0.9533355559852346,0.2772125909680383,1.0,True,False,False,False,False,False,False,False,True
-0.4496139385354988,0.1800128884911593,-0.0096341435228607,0.2772125909680383,1.0,True,True,False,False,False,True,False,False,False
-0.6107717334405669,-0.0163470750024457,-1.1457219912571306,0.2772125909680383,1.0,True,False,False,False,False,False,False,True,False
-0.4897369019364507,-0.0895908020866703,-0.4640692826165686,-2.608772639394945,0.0,True,True,True,False,False,True,False,False,False
0.4560662311789333,-0.4025981827884851,0.0444652777978187,0.2772125909680383,1.0,True,True,False,False,False,False,False,True,False
-0.3637075106728799,-0.4025981827884851,-0.7345663892199662,0.0,1.0,False,False,False,False,False,False,False,False,True
0.7334307831539782,-0.0549513186223362,0.7477577549666524,0.2772125909680383,1.0,False,False,False,False,False,False,False,False,False
-0.2911199088354732,-0.4025981827884851,-0.4857090511448405,0.2772125909680383,1.0,False,False,False,False,False,False,False,True,False
1.025945499732702,-0.4025981827884851,0.3366021529294881,-2.608772639394945,1.0,True,True,False,True,False,False,False,False,True
1.1496440964418606,0.2234165786151443,1.7756467600595631,0.2772125909680383,1.0,True,False,False,False,True,False,False,False,False
0.2256505409427616,-0.4025981827884851,0.2067635417598572,-2.608772639394945,1.0,True,False,False,False,False,False,True,True,False
-0.6022809818494941,-0.1945526104153455,-1.1457219912571306,0.2772125909680383,1.0,True,True,False,False,False,False,False,True,False
-0.5483397364473845,-0.1968897347370458,-0.8427652318613252,-2.608772639394945,1.0,True,True,False,True,False,False,False,False,True
-0.6650459494933068,3.770833559902378,0.8992361346645551,0.2772125909680383,1.0,True,True,False,True,False,False,True,False,True
-0.1655899735478478,-0.4025981827884851,-0.8968646531820048,-2.608772639394945,1.0,True,True,False,False,False,False,False,True,False
1.0664014337842842,-0.4025981827884851,3.679946390547482,0.2772125909680383,1.0,False,True,True,False,False,False,False,True,False
-0.2891220849316913,-0.4025981827884851,-0.8644050003895971,0.2772125909680383,1.0,True,False,False,False,False,False,False,True,False
2.4259206003078235,-0.4025981827884851,5.346208567224411,2.2012027445433606,,True,False,False,False,False,False,True,False,True
-0.2100415554069937,0.1088558772782801,-0.4965289354089764,0.2772125909680383,1.0,True,True,False,False,False,False,False,False,True
0.9415374397979194,-0.4025981827884851,0.4339811113067112,0.2772125909680383,,True,False,True,False,False,False,False,True,False
0.197847491615131,-0.4025981827884851,-0.2801312501262583,0.2772125909680383,1.0,True,False,False,False,False,True,False,True,False
0.3571739479417324,-0.4025981827884851,-0.3017710186545301,-2.608772639394945,1.0,True,True,False,False,True,False,False,False,True
-0.5228674816741661,0.084232629996404,0.2716828473446727,0.2772125909680383,0.0,True,True,False,False,False,True,False,False,True
-0.3543843324552313,0.3127280179087288,-0.0637335648435402,0.2772125909680383,1.0,True,True,False,False,True,False,False,False,False
1.2064155923743278,1.886111784903184,2.0894234037195045,0.2772125909680383,1.0,True,True,True,False,False,False,False,True,False
0.2755961385373075,-0.0547426470352016,-0.4965289354089764,0.0,0.0,True,True,True,False,False,False,False,False,True
-0.232184103673909,-0.1041978131860884,-0.2909511343903942,0.2772125909680383,1.0,True,True,False,True,False,True,False,False,False
-0.0130894155591677,1.955390751831852,3.669126506283346,0.2772125909680383,0.0,True,True,False,False,True,False,False,True,False
1.0664014337842842,-0.4025981827884851,0.0877448148543623,0.2772125909680383,1.0,True,False,False,False,False,False,False,True,False
0.1146048289575546,0.5188955459976574,0.574639606740478,0.2772125909680383,0.0,True,False,False,False,False,False,False,False,False
-0.2155355711423937,-0.4025981827884851,-0.2152119445414429,0.2772125909680383,0.0,False,False,False,False,False,False,False,True,False
-0.2183658216727513,0.0946662093531311,-0.312590902918666,0.2772125909680383,,False,True,False,True,False,False,False,True,False
0.4558997458536182,-0.4025981827884851,1.342851389494127,0.2772125909680383,1.0,False,False,False,False,False,False,False,True,False
0.0674894818933663,-0.4025981827884851,0.0444652777978187,0.2772125909680383,,True,True,True,False,False,False,False,False,False
0.083472073123621,-0.4025981827884851,0.6720185651177011,0.2772125909680383,0.0,True,True,False,False,False,True,False,False,False
-0.4985606241781538,-0.0038267797743731,-0.4316096298241609,0.2772125909680383,0.0,True,True,False,False,False,True,False,True,False
-0.3653723639260314,0.1190807850478727,-0.3558704399752097,0.2772125909680383,0.0,True,True,False,False,True,False,False,False,False
-0.5430122060372996,-0.099815709856263,-0.5830880095220636,2.2012027445433606,0.0,True,False,False,False,False,True,False,False,True
0.1136059170056636,-0.4025981827884851,-0.4099698612958892,0.2772125909680383,0.0,True,False,False,False,False,False,False,False,False
-0.6317488844302762,0.2096442538642644,-0.6804669678992867,0.2772125909680383,0.0,True,True,False,False,False,True,False,False,True
-0.4041634447244621,0.4320881657496875,0.2608629630805368,-0.6847824858196229,0.0,True,True,False,False,True,False,False,True,False
-0.3848511469879043,0.0220484970303101,-0.085373333371812,0.2772125909680383,1.0,True,True,False,True,False,False,False,False,True
2.3533329984704165,0.696266395062019,4.480617826093539,0.2772125909680383,1.0,True,True,False,False,False,False,False,False,False
0.6601772400153109,-0.4025981827884851,0.3798816899860317,0.2772125909680383,1.0,True,True,False,False,False,False,True,True,False
1.9426137009179345,-0.4025981827884851,0.7477577549666524,0.2772125909680383,1.0,False,False,False,False,False,True,True,True,False
-0.4854082834782567,-0.1309077763393099,-0.6696470836351508,0.2772125909680383,1.0,True,False,True,False,False,True,False,True,False
-0.362708598720989,0.1850210065823883,-0.4640692826165686,0.2772125909680383,,False,True,False,False,False,False,False,True,False
0.7412555934437904,-0.4025981827884851,0.0,-1.646777562607284,1.0,False,False,False,False,False,False,False,True,False
-0.5023897866604023,0.3799202689660516,-0.0420937963152684,0.2772125909680383,1.0,True,True,False,False,False,False,True,False,False
-0.0295714627653678,0.4729877968280579,1.2021928940603603,0.2772125909680383,1.0,True,True,False,True,False,False,True,False,True
-0.3860165442651104,-0.3016011346153662,-0.2260318288055788,0.2772125909680383,,True,True,False,True,False,False,False,True,False
-0.6257554127189306,6.658222311083051,-0.7129266206916944,0.2772125909680383,1.0,True,False,False,False,False,False,False,False,True
-0.171250474608563,-0.4025981827884851,-0.6047277780503354,0.2772125909680383,1.0,True,True,False,True,False,False,False,False,True
-0.6229251621885731,0.1900291246736174,-0.4532493983524328,0.2772125909680383,1.0,True,False,False,False,False,False,False,False,False
-0.1546019420770477,-0.4025981827884851,-0.2260318288055788,0.2772125909680383,1.0,False,True,True,False,False,False,False,False,True
-0.6753680396628462,-0.1052411711217611,-1.362119676539849,0.2772125909680383,1.0,True,True,True,False,False,False,False,False,True
0.4946908266520488,-0.4025981827884851,0.5854594910046139,0.2772125909680383,1.0,True,False,False,False,False,False,False,False,True
-0.4775834731884445,-0.4025981827884851,-0.53980847246552,0.2772125909680383,0.0,True,True,False,True,False,False,True,True,False
-0.515209156709669,-0.4025981827884851,-0.6804669678992867,0.2772125909680383,,False,False,False,False,False,False,True,False,True
0.0674894818933663,0.0669128882642369,1.1805531255320885,0.2772125909680383,,True,True,False,False,False,False,False,True,False
-0.436794568486232,0.1798042169040248,-0.1286528704283557,0.2772125909680383,1.0,True,False,False,False,False,False,False,True,False
1.565690924404428,-0.4025981827884851,0.9316957874569628,0.2772125909680383,0.0,True,False,False,False,False,False,False,True,False
-0.398669428989062,0.0677475746127751,-0.3234107871828019,-2.608772639394945,0.0,True,False,False,False,False,True,False,False,True
-0.3625421133956738,-0.0374229053030346,0.3257822686653522,0.2772125909680383,1.0,True,True,True,False,False,False,False,False,True
-0.2889555996063762,-0.4025981827884851,-0.648007315106879,0.2772125909680383,1.0,True,True,False,True,False,False,False,True,False
-0.417149300099044,-0.1354985512562698,-0.3775102085034814,0.2772125909680383,0.0,True,True,True,False,False,False,False,True,False
-0.145112278534084,-0.4025981827884851,-0.8103055790689175,0.2772125909680383,1.0,False,False,True,False,False,False,False,True,False
-0.3653723639260314,0.1190807850478727,-0.3558704399752097,0.2772125909680383,0.0,True,True,False,False,True,False,False,False,False
-0.2341819275776908,-0.4025981827884851,-0.4424295140882969,-2.608772639394945,1.0,True,True,False,False,False,True,False,True,False
0.389305615727557,-0.4025981827884851,1.2887519681734476,0.2772125909680383,1.0,True,True,False,False,False,False,False,False,True
-0.1392852921480536,-0.4025981827884851,0.0228255092695469,2.2012027445433606,1.0,True,False,False,False,False,False,False,True,False
-0.4341308032811896,-0.4025981827884851,-0.7345663892199662,0.2772125909680383,0.0,True,False,False,False,False,False,False,True,False
-0.1502733236188538,-0.4025981827884851,-0.53980847246552,0.2772125909680383,1.0,True,False,True,False,False,False,True,False,False
-0.3071025000657278,-0.4025981827884851,-0.4640692826165686,2.2012027445433606,1.0,True,False,False,False,False,False,False,False,True
0.0252022092633174,-0.4025981827884851,-0.1286528704283557,-4.147964762255203,,True,True,False,True,False,False,True,False,False
-0.3910111040245649,-0.1069105438188374,-0.1935721760131711,0.2772125909680383,1.0,True,True,False,False,False,False,False,True,False
-0.5961210248128335,-7.06912059513853e-05,-0.8860447689178689,0.2772125909680383,1.0,True,False,False,False,False,False,False,False,True
0.389305615727557,-0.4025981827884851,1.2887519681734476,0.2772125909680383,1.0,True,True,False,False,False,False,False,False,True
-0.3555497297324373,-0.4025981827884851,-1.416219097860528,-3.570767716182606,1.0,True,True,False,False,False,False,True,True,False
-0.3570480976602738,0.03123004686423,0.0661050463260905,0.2772125909680383,1.0,True,True,True,False,False,False,True,True,False
-0.1522711475226356,0.0328994195613064,0.0,0.2772125909680383,1.0,True,False,False,False,False,False,False,True,False
-0.1684202240782054,-0.4025981827884851,-0.2476715973338506,0.2772125909680383,0.0,False,False,False,False,False,False,True,True,False
0.0674894818933663,-0.4025981827884851,0.5313600696839343,-1.646777562607284,1.0,True,True,False,True,False,False,True,True,False
0.1034503121614393,-0.4025981827884851,-0.2476715973338506,0.2772125909680383,1.0,True,False,False,False,False,True,False,False,False
0.1034503121614393,-0.4025981827884851,-0.2476715973338506,0.2772125909680383,1.0,True,False,False,False,False,True,False,False,False
-0.3623756280703586,-0.4025981827884851,-0.2260318288055788,0.2772125909680383,1.0,False,False,False,False,False,False,False,False,False
0.0674894818933663,0.0669128882642369,1.1805531255320885,0.2772125909680383,,True,True,False,False,False,False,False,True,False
-0.3209207820668855,-0.4025981827884851,-0.4640692826165686,-2.608772639394945,1.0,True,False,True,False,False,False,False,False,True
0.0808083079185785,0.1334791245601562,0.2825027316088086,0.2772125909680383,,True,True,False,False,False,False,False,False,False
0.3090596889256533,-0.4025981827884851,0.0,0.2772125909680383,1.0,False,False,True,False,False,False,True,True,False
-0.2666465660141457,0.2805925934900091,0.5529998382122062,0.2772125909680383,1.0,True,True,False,False,False,False,False,True,False
-0.2065453635753754,-0.4025981827884851,-0.2152119445414429,0.2772125909680383,1.0,True,False,False,True,False,False,False,False,False
-0.2741384056533276,-0.0409703222843218,-0.0745534491076761,0.2772125909680383,0.0,True,True,False,False,False,False,False,False,False
-0.4259730223407471,0.1199154713964109,0.0228255092695469,0.2772125909680383,0.0,True,True,False,False,True,False,False,True,False
-0.4985606241781538,-0.4025981827884851,0.0444652777978187,0.2772125909680383,1.0,False,False,True,False,False,False,False,False,True
0.2672718722715498,-0.4025981827884851,-0.3883300927676174,0.2772125909680383,1.0,False,False,False,False,False,False,False,False,False
0.4124470759463632,-0.3525170018761947,1.0507145143624577,0.2772125909680383,1.0,True,True,True,False,False,False,False,False,True
-0.5664866369067362,-0.0390922780001109,-1.1998214125778102,0.2772125909680383,1.0,True,True,False,True,False,True,False,True,False
-0.2966139245708732,-0.4025981827884851,-0.4316096298241609,-2.608772639394945,1.0,False,False,False,False,False,False,False,False,True
-0.1645910615959569,-0.4025981827884851,-0.8103055790689175,0.2772125909680383,1.0,False,False,True,False,False,True,False,False,False
-0.6229251621885731,0.1900291246736174,-0.4532493983524328,0.2772125909680383,1.0,True,False,False,False,False,False,False,False,False
0.1340836120194275,1.1102708239369523,0.2608629630805368,0.2772125909680383,0.0,True,True,True,False,False,False,False,False,True
-0.5961210248128335,0.2077662095800535,-0.4640692826165686,0.2772125909680383,1.0,True,True,True,False,False,False,False,False,True
-0.5187053485412874,-0.4025981827884851,-1.0483430328799077,0.2772125909680383,1.0,True,False,False,False,False,False,False,False,True
1.5658574097297433,-0.4025981827884851,1.559249074776845,0.2772125909680383,1.0,True,True,False,False,True,False,False,False,False
-0.2100415554069937,0.1088558772782801,-0.4965289354089764,0.2772125909680383,1.0,True,True,False,False,False,False,False,False,True
-0.4153179615205773,-0.1104579608001247,-0.4640692826165686,0.2772125909680383,1.0,True,True,False,True,False,False,False,False,True
0.1728746928178581,-0.4025981827884851,0.0,0.2772125909680383,0.0,True,True,False,True,False,False,True,False,False
-0.1684202240782054,-0.4025981827884851,-0.4748891668807046,0.2772125909680383,1.0,False,True,False,False,False,False,False,False,False
0.0576668476997722,0.4804999739649014,1.5159695377203015,0.2772125909680383,1.0,True,False,False,False,False,False,False,True,False
-0.5736455058952877,0.272871744766031,0.2392231945522649,0.2772125909680383,0.0,False,True,False,False,False,True,False,True,False
-0.3608772601425223,-0.4025981827884851,-0.1935721760131711,0.2772125909680383,1.0,False,False,False,True,False,False,False,False,True
-0.398669428989062,-0.2565280717943048,-0.9293243059744124,0.2772125909680383,1.0,True,True,False,True,False,False,False,False,True
-0.4985606241781538,-0.0038267797743731,-0.4316096298241609,0.2772125909680383,0.0,True,True,False,False,False,True,False,True,False
-0.1476095584138113,-0.1131706914328737,-0.0637335648435402,0.2772125909680383,1.0,True,True,False,True,False,False,False,True,False
0.1091108132221545,-0.4025981827884851,-0.3017710186545301,0.2772125909680383,1.0,True,True,False,False,False,False,False,True,False
-0.0713592794194712,-0.4025981827884851,-0.3017710186545301,0.2772125909680383,1.0,True,False,False,False,False,False,True,True,False
-0.5228674816741661,0.084232629996404,0.2716828473446727,0.2772125909680383,0.0,True,True,False,False,False,True,False,False,True
0.0566679357478813,-0.4025981827884851,-0.2476715973338506,0.2772125909680383,1.0,True,True,False,True,False,False,False,True,False
-0.2378446047346242,-0.4025981827884851,-0.4316096298241609,0.2772125909680383,0.0,False,False,False,False,False,False,False,True,False
-0.287623717003855,-0.4025981827884851,-1.0158833800874998,0.2772125909680383,1.0,False,False,True,False,False,True,True,True,False
1.2765059143320072,-0.4025981827884851,-1.2539208338984895,0.2772125909680383,1.0,False,False,True,False,False,False,False,False,True
-0.0295714627653678,-0.4025981827884851,-0.1394727546924916,2.2012027445433606,0.0,False,False,False,False,False,False,False,False,True
-0.1645910615959569,-0.4025981827884851,-0.8103055790689175,0.2772125909680383,1.0,False,False,True,False,False,True,False,False,False
-0.2138707178892422,-0.4025981827884851,-0.2801312501262583,0.2772125909680383,,True,True,False,False,False,False,False,True,False
-0.2155355711423937,0.0176663937004847,0.4123413427784394,0.2772125909680383,1.0,True,True,False,False,False,True,False,False,False
-0.6317488844302762,0.2096442538642644,-0.6804669678992867,0.2772125909680383,0.0,True,True,False,False,False,True,False,False,True
0.7334307831539782,-0.0549513186223362,0.7477577549666524,0.2772125909680383,1.0,False,False,False,False,False,False,False,False,False
-0.5961210248128335,0.2077662095800535,-0.4640692826165686,0.2772125909680383,1.0,True,True,True,False,False,False,False,False,True
0.204340419302422,-0.4025981827884851,-0.1611125232207634,0.2772125909680383,1.0,True,False,False,False,False,False,True,False,False
-0.5688174314611484,-0.4025981827884851,-0.972603843030956,-0.6847824858196229,0.0,True,True,True,False,False,False,True,False,False
0.2755961385373075,-0.0547426470352016,-0.4965289354089764,0.0,0.0,True,True,True,False,False,False,False,False,True
-0.6317488844302762,0.2096442538642644,-0.6804669678992867,0.2772125909680383,0.0,True,True,False,False,False,True,False,False,True
1.2064155923743278,1.886111784903184,2.0894234037195045,0.2772125909680383,1.0,True,True,True,False,False,False,False,True,False
-0.4985606241781538,-0.0478564846597617,-0.5289885882013841,0.2772125909680383,1.0,True,True,False,False,False,True,False,False,False
-0.2668130513394608,-0.4025981827884851,0.0,-2.608772639394945,1.0,True,True,False,False,True,True,False,False,True
2.120752999005148,-0.4025981827884851,3.723225927604026,0.2772125909680383,1.0,True,True,True,False,False,False,False,False,True
0.1350825239713184,-0.4025981827884851,-0.0637335648435402,0.2772125909680383,1.0,True,True,False,False,True,False,False,True,False
0.4137789585488844,0.0669128882642369,0.2608629630805368,0.2772125909680383,1.0,True,True,True,False,False,False,False,False,True
-0.4111558283876985,0.1364005267800398,0.1526641204391777,0.2772125909680383,1.0,True,True,True,False,False,False,False,True,False
-0.1104833308685322,-0.4025981827884851,-0.3017710186545301,0.2772125909680383,,True,True,False,False,True,True,False,True,False
0.1369138625497851,-0.4025981827884851,0.012005625005411,-2.608772639394945,1.0,True,True,False,False,True,False,False,False,False
0.2617778565361498,-0.4025981827884851,-0.3017710186545301,0.2772125909680383,1.0,True,False,False,False,False,False,True,False,True
-0.1502733236188538,-0.4025981827884851,-0.53980847246552,0.2772125909680383,1.0,True,False,True,False,False,False,True,False,False
-0.0104256503541252,0.5673073542128714,0.0661050463260905,0.2772125909680383,1.0,True,False,False,True,False,False,False,False,False
-0.5318576892411844,0.0495931465320698,-0.4424295140882969,0.2772125909680383,1.0,True,True,False,False,False,False,False,True,False
0.8188377550406517,0.400787427679506,0.0444652777978187,-2.608772639394945,0.0,True,True,True,False,False,False,True,False,True
-0.287623717003855,-0.4025981827884851,-1.0158833800874998,0.2772125909680383,1.0,False,False,True,False,False,True,True,True,False
0.0137147218165718,-0.1054498427088956,-0.6047277780503354,0.2772125909680383,1.0,True,True,False,False,True,False,True,False,False
-0.3074354707163582,-0.0545339754480671,-0.4965289354089764,0.2772125909680383,1.0,True,False,False,False,False,True,False,True,False
-0.2488326362054243,-0.4025981827884851,-0.3450505557110737,0.2772125909680383,,False,True,False,False,False,True,False,False,False
-0.8964605516813694,0.2060968368829772,-0.6263675465786073,0.2772125909680383,1.0,False,True,False,True,False,True,False,True,False
-0.2566574464952365,0.1036390875999165,0.0228255092695469,0.2772125909680383,0.0,True,False,True,False,False,True,True,False,True
0.036689696710063,0.36239185564675,1.67826780168234,0.2772125909680383,1.0,True,False,False,False,False,False,False,False,False
-0.3470589781413646,-0.4025981827884851,-0.8644050003895971,0.2772125909680383,0.0,False,False,False,False,False,False,False,False,True
1.1496440964418606,0.2234165786151443,1.7756467600595631,0.2772125909680383,1.0,True,False,False,False,True,False,False,False,False
-0.3487238313945161,-0.4025981827884851,-0.8103055790689175,-0.6847824858196229,1.0,True,False,False,False,False,False,False,True,False
0.389305615727557,-0.4025981827884851,1.2887519681734476,0.2772125909680383,1.0,True,True,False,False,False,False,False,False,True
-0.0295714627653678,-0.4025981827884851,-0.1394727546924916,2.2012027445433606,0.0,False,False,False,False,False,False,False,False,True
-0.8621645746664479,8.292120838346523,2.1002432879836404,-2.608772639394945,,False,False,False,False,True,False,False,False,True
-0.2378446047346242,1.101923960451571,0.3041425001370804,0.2772125909680383,1.0,True,False,False,False,False,False,False,False,True
-0.3765268807221467,0.27558447539878,0.0228255092695469,0.2772125909680383,1.0,True,True,True,False,False,False,False,False,True
-0.4271384196179532,-0.4025981827884851,-0.6155476623144713,0.2772125909680383,1.0,True,True,False,False,True,False,False,False,True
-0.3209207820668855,-0.0981463371591866,-0.1286528704283557,0.2772125909680383,1.0,False,True,False,False,False,False,False,True,False
-0.4031645327725711,-0.4025981827884851,-0.8860447689178689,0.2772125909680383,1.0,True,True,False,False,True,True,False,True,False
0.0896320301602816,0.4124730365590404,1.8189262971161069,0.2772125909680383,1.0,True,True,False,False,False,False,False,False,True
-0.8621645746664479,8.292120838346523,2.1002432879836404,-2.608772639394945,,False,False,False,False,True,False,False,False,True
-0.6104387627899366,-0.0595420935392961,-0.6047277780503354,0.2772125909680383,1.0,False,True,False,False,False,True,False,True,False
-0.4043299300497772,-0.4025981827884851,-1.2972003709550333,0.2772125909680383,1.0,False,True,False,False,False,False,False,True,False
-0.3349055493933584,-0.4025981827884851,-0.648007315106879,0.2772125909680383,1.0,False,False,False,False,False,False,False,False,True
2.437075117103938,-0.4025981827884851,3.5068282423213075,0.2772125909680383,1.0,True,False,False,False,False,False,False,False,False
-0.1877325218147632,-0.4025981827884851,-0.3883300927676174,0.2772125909680383,,True,True,False,False,False,True,False,False,False
-0.4196465799787713,-0.0269893259463074,-0.3558704399752097,0.2772125909680383,0.0,True,True,False,False,False,True,False,True,False
-0.4264724783166925,-0.0981463371591866,-0.658827199371015,0.2772125909680383,1.0,True,True,False,False,False,False,False,False,True
-0.6347456202859489,0.0631567996958151,-0.5289885882013841,0.2772125909680383,1.0,True,True,True,False,False,False,False,False,False
-0.3548837884311768,-0.4025981827884851,-0.3666903242393455,0.2772125909680383,,False,False,False,False,False,False,True,False,True
-0.5516694429536876,-0.4025981827884851,-0.4640692826165686,0.2772125909680383,1.0,True,True,False,True,False,True,False,False,False
0.083472073123621,-0.4025981827884851,0.6720185651177011,0.2772125909680383,0.0,True,True,False,False,False,True,False,False,False
-0.3147608250302249,0.0147449914806011,-0.3883300927676174,0.2772125909680383,1.0,True,True,False,False,False,False,False,False,False
-0.3903451627233044,-0.4025981827884851,0.1526641204391777,0.2772125909680383,1.0,True,True,False,False,False,False,False,False,False
2.5093297482907158,-0.4025981827884851,0.0,0.2772125909680383,1.0,True,True,False,False,False,False,False,False,False
-0.8621645746664479,8.292120838346523,2.1002432879836404,-2.608772639394945,,False,False,False,False,True,False,False,False,True
0.0167114576722446,0.4669363208011561,0.2067635417598572,0.2772125909680383,1.0,True,True,False,False,False,False,False,True,False
-0.5589947972675543,-0.4025981827884851,-1.0050634958233635,2.2012027445433606,0.0,True,False,False,False,False,False,False,True,False
0.121597212620791,-0.4025981827884851,0.2067635417598572,0.2772125909680383,1.0,True,True,True,False,False,False,False,True,False
-0.5846335373660879,0.2547173166853257,-0.3017710186545301,0.2772125909680383,1.0,True,True,False,False,False,False,False,True,False
-0.3653723639260314,-0.4025981827884851,-0.658827199371015,0.2772125909680383,1.0,False,False,False,False,False,True,False,False,False
-0.2904539675342126,-0.1974740126352291,-0.6047277780503354,0.2772125909680383,1.0,True,True,False,False,True,True,False,True,False
1.4964330290733243,-0.4025981827884851,0.3149623844012163,-2.608772639394945,1.0,True,True,True,False,False,False,False,False,False
-0.4874061073820385,-0.0635068536948525,-0.7778459262765098,0.2772125909680383,,False,False,False,False,False,False,False,False,True
-0.514043759432463,-0.4025981827884851,-1.0808026856723152,0.2772125909680383,1.0,False,False,False,False,False,False,False,False,False
-0.4111558283876985,0.1364005267800398,0.1526641204391777,0.2772125909680383,1.0,True,True,True,False,False,False,False,True,False
-0.1629262083428054,-0.4025981827884851,-0.2368517130697147,0.2772125909680383,1.0,True,True,False,True,False,False,False,False,True
1.982070723017625,-0.4025981827884851,2.641237501190435,0.2772125909680383,1.0,True,True,False,True,False,False,True,False,False
-0.5435116620132451,0.5335025570970754,-0.6047277780503354,0.2772125909680383,1.0,False,True,False,False,False,False,False,True,False
-0.0152537247882647,0.5343372434456136,-0.9293243059744124,0.0,1.0,True,True,False,False,False,False,True,True,False
2.5093297482907158,-0.4025981827884851,0.0,0.2772125909680383,1.0,True,True,False,False,False,False,False,False,False
-0.0157531807642101,-0.1396719829989607,0.1526641204391777,0.2772125909680383,1.0,True,True,True,False,False,False,False,False,False
0.081307763894524,0.4842560625333232,1.8838456027009225,0.2772125909680383,,True,True,True,False,False,False,False,False,True
-0.3865160002410558,-0.0228158942036165,-0.8103055790689175,0.2772125909680383,1.0,True,True,False,True,False,True,False,False,True
1.565690924404428,-0.4025981827884851,0.9316957874569628,0.2772125909680383,0.0,True,False,False,False,False,False,False,True,False
-0.3711993503120617,-0.0025747502515659,-0.4748891668807046,0.2772125909680383,0.0,False,True,False,True,False,True,False,False,False
-0.208210216828527,-0.2490158946574613,-0.7453862734841021,0.2772125909680383,1.0,True,True,False,False,False,True,True,True,False
0.6207202179156196,-0.4025981827884851,-0.8752248846537329,-2.608772639394945,1.0,True,True,False,False,False,False,False,False,True
2.437075117103938,-0.4025981827884851,3.5068282423213075,0.2772125909680383,1.0,True,False,False,False,False,False,False,False,False
-0.4031645327725711,0.2277986819449697,-0.204392060277307,0.2772125909680383,1.0,True,True,False,False,False,False,False,False,True
0.0674894818933663,-0.4025981827884851,0.5313600696839343,-1.646777562607284,1.0,True,True,False,True,False,False,True,True,False
0.083472073123621,-0.4025981827884851,0.6720185651177011,0.2772125909680383,0.0,True,True,False,False,False,True,False,False,False
-0.9064496712002784,-0.0269893259463074,-0.2260318288055788,0.2772125909680383,1.0,True,True,False,False,False,False,False,False,False
4.703439850619116,-0.4025981827884851,1.1264537042114091,0.2772125909680383,1.0,True,True,True,False,False,False,False,True,False
-0.4910687845389719,0.3152320769543433,-0.3883300927676174,0.2772125909680383,0.0,False,True,False,False,False,False,False,False,True
-0.3710328649867466,0.0564793089075098,-0.2260318288055788,0.2772125909680383,1.0,True,True,False,False,False,False,False,False,False
-0.4597695433797231,-0.4025981827884851,-0.9185044217102766,0.2772125909680383,1.0,True,False,False,False,False,False,False,False,True
-0.4516117624392806,-0.018016447699522,-0.3558704399752097,2.2012027445433606,1.0,True,True,True,False,False,False,False,True,False
-0.10815253631412,-0.4025981827884851,0.0,0.2772125909680383,0.0,True,True,True,False,False,False,False,False,False
-0.0295714627653678,-0.4025981827884851,-0.1394727546924916,2.2012027445433606,0.0,False,False,False,False,False,False,False,False,True
-0.5736455058952877,0.272871744766031,0.2392231945522649,0.2772125909680383,0.0,False,True,False,False,False,True,False,True,False
-0.8240394351692778,0.3659392726280372,-0.4640692826165686,2.2012027445433606,1.0,False,False,False,False,False,False,False,False,False
-0.5709817406902453,-0.4025981827884851,-0.9293243059744124,0.2772125909680383,1.0,False,False,False,False,False,True,False,True,False
-0.6317488844302762,0.2096442538642644,-0.6804669678992867,0.2772125909680383,0.0,True,True,False,False,False,True,False,False,True
-0.1988870386108784,-0.4025981827884851,-0.312590902918666,0.2772125909680383,0.0,True,True,False,True,False,False,False,True,False
0.8188377550406517,0.400787427679506,0.0444652777978187,-2.608772639394945,0.0,True,True,True,False,False,False,True,False,True
0.4504057301182181,-0.4025981827884851,-0.0420937963152684,-0.6847824858196229,0.0,True,True,True,False,False,False,False,True,False
-0.1569327366314599,-0.4025981827884851,-0.4965289354089764,0.2772125909680383,1.0,True,True,False,True,False,True,False,False,False
-0.4064942392788742,-0.0770705068585978,-0.2368517130697147,0.2772125909680383,1.0,True,True,False,True,False,False,False,False,True
-0.2964474392455581,-0.0931382190679576,-0.3450505557110737,-0.6847824858196229,1.0,True,True,False,False,False,True,False,True,False
-0.3608772601425223,-0.4025981827884851,-0.1935721760131711,0.2772125909680383,1.0,False,False,False,True,False,False,False,False,True
-0.0044321786427797,0.0443763568537063,0.2067635417598572,0.2772125909680383,1.0,True,True,False,False,False,False,False,False,False
-0.1104833308685322,-0.4025981827884851,-0.3017710186545301,0.2772125909680383,,True,True,False,False,True,True,False,True,False
0.525324126510037,0.4669363208011561,1.6458081488899323,0.2772125909680383,1.0,True,False,False,False,False,False,False,False,False
-0.4216444038825531,0.0120322608478521,-0.4857090511448405,-2.608772639394945,0.0,True,False,True,False,False,False,False,False,True
0.7272708261173175,-0.4025981827884851,0.2608629630805368,0.2772125909680383,1.0,True,True,False,False,False,False,True,False,False
-0.6284191779239731,-0.0438917245042054,-0.6047277780503354,0.2772125909680383,1.0,True,True,False,False,False,False,False,False,True
-0.3320752988630008,-0.4025981827884851,-0.8211254633330535,0.2772125909680383,1.0,True,False,False,False,False,False,False,False,True
-0.4494474532101836,-0.4025981827884851,-0.658827199371015,0.2772125909680383,1.0,True,True,True,False,False,False,True,True,False
-0.5178729219147116,0.0777638107952332,-0.204392060277307,0.2772125909680383,1.0,False,True,False,False,False,False,False,True,False
2.120752999005148,-0.4025981827884851,3.723225927604026,0.2772125909680383,1.0,True,True,True,False,False,False,False,False,True
2.3533329984704165,0.696266395062019,4.480617826093539,0.2772125909680383,1.0,True,True,False,False,False,False,False,False,False
-0.5516694429536876,-0.4025981827884851,-0.4640692826165686,0.2772125909680383,1.0,True,True,False,True,False,True,False,False,False
-0.515209156709669,0.0393682387624772,-0.5614482409937918,0.2772125909680383,1.0,True,True,False,False,False,False,False,True,False
-0.2100415554069937,0.1088558772782801,-0.4965289354089764,0.2772125909680383,1.0,True,True,False,False,False,False,False,False,True
0.0423501977707782,-0.4025981827884851,0.0,0.2772125909680383,1.0,True,False,False,False,False,False,False,False,True
0.7565722433727845,-0.4025981827884851,1.1264537042114091,0.2772125909680383,1.0,True,True,False,False,True,False,True,True,False
-0.3623756280703586,-0.4025981827884851,-0.312590902918666,0.2772125909680383,1.0,True,False,False,False,False,False,False,True,False
-0.4727553987543051,-0.4025981827884851,-0.983423727295092,-0.6847824858196229,1.0,True,False,False,False,False,True,False,False,False
-0.417149300099044,-0.1354985512562698,-0.3775102085034814,0.2772125909680383,0.0,True,True,True,False,False,False,False,True,False
-0.3320752988630008,-0.4025981827884851,-0.8211254633330535,0.2772125909680383,1.0,True,False,False,False,False,False,False,False,True
-0.5318576892411844,-0.0138430159568312,-0.5614482409937918,0.2772125909680383,0.0,False,False,False,False,False,False,False,False,True
0.0120498685634203,0.1539289400993414,0.2608629630805368,0.2772125909680383,1.0,True,True,False,False,False,False,False,False,False
-0.196223273405836,-0.1417586988703061,-0.4965289354089764,0.2772125909680383,1.0,True,True,False,False,True,False,False,False,True
-0.5516694429536876,-0.4025981827884851,-0.4640692826165686,0.2772125909680383,1.0,True,True,False,True,False,True,False,False,False
-0.6184300584050639,-0.4025981827884851,-1.0267032643516356,0.2772125909680383,,True,True,True,False,False,False,False,False,False
-0.3711993503120617,-0.0025747502515659,-0.4748891668807046,0.2772125909680383,0.0,False,True,False,True,False,True,False,False,False
-0.2842940104975519,0.1543462832736105,0.0661050463260905,0.2772125909680383,1.0,True,True,False,False,False,False,False,True,False
-0.3623756280703586,-0.4025981827884851,-0.2260318288055788,0.2772125909680383,1.0,False,False,False,False,False,False,False,False,False
-0.1684202240782054,0.77117949484332,1.0723542828907295,0.2772125909680383,1.0,True,True,False,False,False,False,False,True,False
2.5093297482907158,-0.4025981827884851,0.0,0.2772125909680383,1.0,True,True,False,False,False,False,False,False,False
0.1034503121614393,-0.4025981827884851,-0.2476715973338506,0.2772125909680383,1.0,True,False,False,False,False,True,False,False,False
0.7334307831539782,-0.0549513186223362,0.7477577549666524,0.2772125909680383,1.0,False,False,False,False,False,False,False,False,False
-0.6124365866937185,0.6539060628737068,-0.9617839587668202,0.2772125909680383,,True,False,False,False,False,False,False,False,False
-0.3487238313945161,-0.1766068539217748,-0.2260318288055788,0.2772125909680383,1.0,True,True,True,False,False,True,False,False,True
-0.4457847760532503,-0.2907502120843699,-0.972603843030956,0.2772125909680383,1.0,True,True,False,False,False,True,False,False,False
0.1034503121614393,-0.4025981827884851,-0.2476715973338506,0.2772125909680383,1.0,True,False,False,False,False,True,False,False,False
0.2131641415441251,-0.4025981827884851,0.4772606483632548,0.2772125909680383,1.0,True,True,True,False,False,False,False,True,False
-0.5756433297990696,1.4712726696797125,-0.204392060277307,0.2772125909680383,0.0,False,False,False,False,False,False,False,True,False
-0.1128141254229443,-0.4025981827884851,-0.2801312501262583,0.2772125909680383,0.0,True,False,False,False,False,False,False,False,False
0.4004601325236722,-0.4025981827884851,0.4772606483632548,0.2772125909680383,1.0,True,True,False,True,False,False,False,True,False
-0.3142613690542795,0.2580560620794784,0.2825027316088086,0.0,1.0,True,True,False,False,False,False,False,False,False
2.3533329984704165,0.696266395062019,4.480617826093539,0.2772125909680383,1.0,True,True,False,False,False,False,False,False,False
-0.0989958434217866,-0.4025981827884851,-0.5722681252579277,0.2772125909680383,0.0,False,False,False,False,False,False,False,True,False
-0.3470589781413646,-0.4025981827884851,-0.8644050003895971,0.2772125909680383,0.0,False,False,False,False,False,False,False,False,True
-0.2085431874791573,-0.3631592528200564,-0.3450505557110737,0.2772125909680383,1.0,True,True,False,False,True,False,False,True,False
-0.3653723639260314,0.1190807850478727,0.1851237732315854,0.2772125909680383,1.0,True,True,True,False,False,False,False,True,False
0.4560662311789333,-0.4025981827884851,0.0444652777978187,0.2772125909680383,1.0,True,True,False,False,False,False,False,True,False
-0.0989958434217866,-0.4025981827884851,-0.5722681252579277,0.2772125909680383,0.0,False,False,False,False,False,False,False,True,False
-0.6816944820248221,-0.0269893259463074,-0.5722681252579277,0.2772125909680383,0.0,False,False,False,False,False,False,False,True,False
-0.090671577156029,-0.4025981827884851,-0.4099698612958892,0.2772125909680383,1.0,True,False,False,False,False,False,False,True,False
-0.6139349546215548,0.0909101207847094,-0.3883300927676174,0.0,1.0,False,False,False,False,False,True,False,False,True
-0.4148185055446318,-0.131325119513579,-0.8211254633330535,0.2772125909680383,1.0,True,True,False,False,False,False,False,False,True
2.5093297482907158,-0.4025981827884851,0.0,0.2772125909680383,1.0,True,True,False,False,False,False,False,False,False
0.1573915575635489,-0.4025981827884851,0.5313600696839343,0.2772125909680383,1.0,True,True,False,True,False,False,False,True,False
-0.605444203030482,0.1057258034712619,-0.2693113658621224,0.2772125909680383,1.0,True,True,True,False,False,True,False,False,False
-0.3776922779993527,-0.2120810237346472,-0.5506283567296559,-4.147964762255203,1.0,False,True,True,False,False,False,False,True,False
-0.4196465799787713,-0.0269893259463074,-0.3558704399752097,0.2772125909680383,0.0,True,True,False,False,False,True,False,True,False
-0.207211304876636,-0.4025981827884851,-0.0204540277869966,0.2772125909680383,1.0,False,False,False,False,False,True,False,False,False
-0.3169251342593219,-0.4025981827884851,-0.4965289354089764,0.2772125909680383,1.0,True,False,False,False,False,True,False,False,False
-0.4985606241781538,-0.4025981827884851,0.0444652777978187,0.2772125909680383,1.0,False,False,True,False,False,False,False,False,True
-0.6046117764039063,-0.4025981827884851,-1.113262338464723,0.2772125909680383,1.0,False,False,False,False,False,True,False,True,False
-0.1497738676429083,-0.4025981827884851,-0.648007315106879,0.0,1.0,True,True,False,False,False,True,True,False,True
-0.4259730223407471,0.1199154713964109,0.0228255092695469,0.2772125909680383,0.0,True,True,False,False,True,False,False,True,False
-0.3140948837289643,0.1334791245601562,0.1851237732315854,0.2772125909680383,1.0,True,True,False,False,False,False,False,False,True
-0.0573745120929984,-0.4025981827884851,-0.6696470836351508,0.2772125909680383,1.0,True,True,False,False,True,False,False,False,True
-0.5909599797280637,-0.0647588832176597,-0.5939078937861995,0.2772125909680383,1.0,True,True,False,True,False,False,False,False,False
-0.5984518193672456,-0.4025981827884851,0.0,0.2772125909680383,1.0,True,False,False,False,False,True,False,False,True
-0.2792994507380973,-0.4025981827884851,-0.3450505557110737,0.2772125909680383,1.0,True,True,False,True,False,True,False,True,False
-0.3903451627233044,-0.4025981827884851,0.1526641204391777,0.2772125909680383,1.0,True,True,False,False,False,False,False,False,False
0.9831587711267076,-0.4025981827884851,1.4077706950789424,0.2772125909680383,0.0,False,True,True,False,False,False,True,False,True
-0.3071025000657278,-0.4025981827884851,-0.4316096298241609,0.2772125909680383,1.0,True,True,True,False,False,False,False,True,False
-0.3325747548389463,0.0475064306607244,-0.3991499770317532,0.2772125909680383,0.0,True,True,False,False,False,False,False,False,False
-0.5318576892411844,0.3903538483227788,0.0,-2.608772639394945,1.0,True,True,False,False,False,True,False,False,True
0.0674894818933663,-0.4025981827884851,0.5313600696839343,-1.646777562607284,1.0,True,True,False,True,False,False,True,True,False
9.613258579488292,-0.4025981827884851,3.6150270849626662,-2.608772639394945,1.0,True,True,False,False,False,False,False,False,True
-0.2889555996063762,0.2860180547555072,-0.1502926389566275,-2.608772639394945,1.0,True,True,False,False,False,False,False,False,False
0.1312533614890699,-0.1939265956539419,0.3366021529294881,0.2772125909680383,1.0,True,True,False,True,False,True,True,False,False
-0.10815253631412,-0.4025981827884851,0.0,0.2772125909680383,0.0,True,True,True,False,False,False,False,False,False
0.7334307831539782,-0.0549513186223362,0.7477577549666524,0.2772125909680383,1.0,False,False,False,False,False,False,False,False,False
2.120752999005148,-0.4025981827884851,3.723225927604026,0.2772125909680383,1.0,True,True,True,False,False,False,False,False,True
-0.3896792214220437,-0.4025981827884851,-1.1457219912571306,0.2772125909680383,1.0,True,False,False,False,False,False,False,False,True
-0.4407902162937957,-0.0553686617966053,-0.9293243059744124,-2.608772639394945,0.0,True,True,False,False,True,True,False,False,True
-0.5375181903018996,0.1255496042490435,-0.2152119445414429,0.2772125909680383,1.0,True,False,False,False,False,False,False,True,False
-0.3234180619466129,-0.4025981827884851,-0.658827199371015,0.2772125909680383,1.0,False,False,True,False,False,False,False,True,False
0.0599976422541844,0.77117949484332,1.7215473387388835,0.2772125909680383,1.0,True,True,True,False,False,False,False,False,True
0.3450205191937263,-0.4025981827884851,0.3149623844012163,0.2772125909680383,,True,True,False,True,False,True,False,False,False
-0.4674278683442202,-0.0025747502515659,-0.1070131019000839,0.2772125909680383,0.0,True,True,True,False,False,False,False,False,False
0.0188757669013416,0.77117949484332,0.3366021529294881,0.2772125909680383,1.0,True,True,False,False,False,False,False,True,False
-0.1684202240782054,-0.4025981827884851,-0.7778459262765098,0.2772125909680383,1.0,False,True,False,False,False,False,False,False,False
-0.4526106743911716,-0.0770705068585978,-0.7129266206916944,0.2772125909680383,1.0,False,False,True,False,False,False,False,False,True
-0.6385747827681975,0.3363079072549321,-0.2693113658621224,0.2772125909680383,1.0,True,True,False,False,False,False,False,True,False
-0.5260307028551541,-0.4025981827884851,-0.8752248846537329,0.2772125909680383,1.0,True,False,False,False,False,False,False,False,True
-0.8621645746664479,8.292120838346523,2.1002432879836404,-2.608772639394945,,False,False,False,False,True,False,False,False,True
5.585978560114742,0.5885918561005948,-0.3883300927676174,0.2772125909680383,1.0,True,True,False,False,False,False,True,True,False
-0.2753038029305336,0.0848586447578076,-0.2368517130697147,0.2772125909680383,1.0,True,True,False,False,False,False,False,True,False
-0.4943984910452749,0.9015992368024096,0.3366021529294881,0.2772125909680383,1.0,True,True,False,False,False,False,False,False,False
-0.3903451627233044,-0.4025981827884851,0.1526641204391777,0.2772125909680383,1.0,True,True,False,False,False,False,False,False,False
-0.2155355711423937,-0.4025981827884851,-0.2152119445414429,0.2772125909680383,0.0,False,False,False,False,False,False,False,True,False
-0.4054953273269833,-0.3064005811194607,-0.5181687039372482,-4.147964762255203,1.0,True,True,False,True,False,False,False,False,True
0.6215526445421954,-0.4025981827884851,0.347422037193624,-2.608772639394945,1.0,True,True,False,False,False,False,False,False,False
0.1312533614890699,-0.1939265956539419,0.3366021529294881,0.2772125909680383,1.0,True,True,False,True,False,True,True,False,False
-0.237678119409309,-0.1006503962048011,0.0228255092695469,0.2772125909680383,1.0,True,True,False,True,False,False,False,False,False
-0.5846335373660879,0.4494079074818545,0.0444652777978187,0.2772125909680383,,False,True,False,False,False,False,True,True,False
0.7056277338263477,-0.0201031635708675,0.2825027316088086,-2.608772639394945,1.0,False,True,True,False,False,False,True,False,True
-0.416150388147153,-0.4025981827884851,-0.4640692826165686,0.2772125909680383,1.0,True,True,False,False,True,True,False,False,False
0.858294777140343,-0.4025981827884851,1.6890876859464758,0.2772125909680383,1.0,True,True,True,False,False,False,False,False,True
0.4558997458536182,-0.4025981827884851,0.9749753245135064,0.2772125909680383,1.0,True,True,False,True,False,False,False,True,False
0.1507321445509428,-0.4025981827884851,-0.5506283567296559,0.2772125909680383,0.0,True,False,False,False,False,False,False,False,False
-0.3653723639260314,-0.4025981827884851,-0.658827199371015,0.2772125909680383,1.0,False,False,False,False,False,True,False,False,False
-0.4391253630406442,-0.4025981827884851,-0.8103055790689175,0.2772125909680383,1.0,True,True,False,True,False,False,False,True,False
2.120752999005148,-0.4025981827884851,3.723225927604026,0.2772125909680383,1.0,True,True,True,False,False,False,False,False,True
-0.4174822707496743,0.0585660247788552,-0.2152119445414429,0.2772125909680383,0.0,False,True,False,False,False,False,False,True,False
0.6508540617976624,-0.4025981827884851,1.2887519681734476,0.2772125909680383,1.0,True,True,False,False,True,False,False,False,False
-0.6650459494933068,3.770833559902378,0.8992361346645551,0.2772125909680383,1.0,True,True,False,True,False,False,True,False,True
-0.6650459494933068,3.770833559902378,0.8992361346645551,0.2772125909680383,1.0,True,True,False,True,False,False,True,False,True
-0.5516694429536876,-0.4025981827884851,-0.4640692826165686,0.2772125909680383,1.0,True,True,False,True,False,True,False,False,False
-0.6267543246708216,-0.4025981827884851,0.0,0.2772125909680383,0.0,False,False,False,False,True,True,False,False,True
0.3649987582315446,-0.4025981827884851,0.9100560189286908,0.2772125909680383,1.0,True,True,True,False,False,False,True,False,True
-0.1684202240782054,-0.4025981827884851,-0.4748891668807046,0.2772125909680383,1.0,False,True,False,False,False,False,False,False,False
-0.7151580324131678,-0.1759808391603712,-1.5027781719736153,-3.570767716182606,1.0,True,True,False,True,False,False,False,False,True
-0.161427840414969,0.1935765416549046,-0.4857090511448405,-5.302358854400397,,True,True,False,False,False,False,False,False,True
-0.6284191779239731,-0.0334581451474782,-0.658827199371015,0.2772125909680383,1.0,True,True,False,False,False,True,False,False,False
-0.1397847481239991,-0.4025981827884851,-0.658827199371015,0.0,0.0,True,True,False,False,True,True,False,True,False
-0.1517716915466901,-0.0029920934258349,0.3149623844012163,0.2772125909680383,1.0,True,False,False,False,False,False,False,True,False
-0.312763001126443,-0.4025981827884851,-1.232281065370218,-2.608772639394945,1.0,True,True,False,False,False,False,False,False,False
-0.1975551560083572,-0.4025981827884851,-0.3883300927676174,0.2772125909680383,1.0,False,False,False,False,False,True,False,True,False
-0.5280285267589359,-0.2972190312855408,-0.2801312501262583,0.2772125909680383,1.0,False,True,False,False,False,False,False,True,False
-0.5563310320625119,0.0216311538560411,-0.4965289354089764,0.2772125909680383,1.0,True,True,False,False,False,True,False,False,False
-0.4985606241781538,0.1190807850478727,-0.7129266206916944,0.2772125909680383,1.0,True,True,True,False,False,True,False,True,False
-0.4910687845389719,0.3152320769543433,-0.3883300927676174,0.2772125909680383,0.0,False,True,False,False,False,False,False,False,True
-0.4822450622972688,0.0218398254431756,-0.3666903242393455,0.2772125909680383,1.0,True,True,False,False,False,False,False,True,False
-0.2987782337999702,0.3486195308958701,0.6503787965894293,0.2772125909680383,0.0,True,True,False,True,False,False,False,False,True
-0.3324082695136311,-0.134037850146328,-0.6047277780503354,0.2772125909680383,1.0,True,False,False,False,False,True,False,False,False
-0.1118152134710534,-0.4025981827884851,0.1093845833826341,0.2772125909680383,0.0,True,False,False,True,False,False,False,True,False
-0.5108805382514752,-0.0305367429275946,-0.1178329861642197,0.2772125909680383,1.0,True,False,False,False,False,False,False,False,False
-0.3925094719524014,-0.4025981827884851,-1.362119676539849,0.2772125909680383,1.0,False,False,False,False,False,False,False,False,True
-0.0989958434217866,-0.4025981827884851,-0.2584914815979865,0.2772125909680383,1.0,False,False,False,False,False,False,False,False,False
-0.1744136957895509,-0.4025981827884851,-0.4424295140882969,0.2772125909680383,1.0,False,False,False,False,False,False,False,True,False
-0.4486150265836079,-0.4025981827884851,-0.9185044217102766,0.2772125909680383,1.0,False,False,False,False,False,False,False,False,False
-0.4897369019364507,-0.0895908020866703,-0.4640692826165686,-2.608772639394945,0.0,True,True,True,False,False,True,False,False,False
-0.5346879397715419,0.0435416705051681,-1.059162917144043,0.2772125909680383,,True,True,False,False,False,False,False,False,False
0.5947485071664558,-0.4025981827884851,0.3149623844012163,0.2772125909680383,1.0,True,False,False,False,True,False,False,False,False
0.1091108132221545,0.7772309708702219,0.347422037193624,-2.608772639394945,1.0,True,True,False,True,False,False,False,True,False
-0.4319664940520926,-0.0549513186223362,-0.6047277780503354,2.2012027445433606,0.0,True,True,False,False,False,True,False,False,True
0.1840292096139734,-0.0374229053030346,0.8018571762873319,-0.6847824858196229,1.0,True,True,False,True,False,False,False,True,False
-0.0989958434217866,-0.4025981827884851,-0.5722681252579277,0.2772125909680383,0.0,False,False,False,False,False,False,False,True,False
-0.1684202240782054,-0.4025981827884851,-0.7778459262765098,0.2772125909680383,1.0,False,True,False,False,False,False,False,False,False
-0.5013908747085114,0.0836066152350004,-0.3342306714469378,0.2772125909680383,1.0,True,True,False,True,False,False,False,False,False
-0.3765268807221467,-0.4025981827884851,-0.9293243059744124,0.2772125909680383,1.0,True,False,False,False,False,False,False,False,True
-0.4884050193339295,1.0791787574539058,1.3320315052299911,-2.608772639394945,1.0,True,True,True,False,False,True,False,True,False
-0.4504463651620746,-0.4025981827884851,-1.1998214125778102,-2.608772639394945,0.0,True,True,False,True,False,True,False,False,True
-0.3795236165778194,-0.4025981827884851,-0.648007315106879,0.2772125909680383,1.0,True,True,True,False,False,False,False,True,False
-0.2155355711423937,-0.4025981827884851,-0.2152119445414429,0.2772125909680383,0.0,False,False,False,False,False,False,False,True,False
-0.3655388492513465,-0.0603767798878343,-0.4857090511448405,-2.608772639394945,1.0,True,True,True,False,False,True,False,False,True
-0.3195888994643643,-0.3520996587019256,-0.5181687039372482,0.2772125909680383,1.0,True,True,False,True,False,True,False,True,False
-0.1517716915466901,-0.0029920934258349,0.3149623844012163,0.2772125909680383,1.0,True,False,False,False,False,False,False,True,False
-0.4457847760532503,-0.4025981827884851,-0.7778459262765098,0.2772125909680383,1.0,False,False,False,False,False,False,False,True,False
-0.4319664940520926,0.3102239588631142,-1.0808026856723152,-2.608772639394945,1.0,True,True,False,False,False,False,False,True,False
-0.4985606241781538,-0.0038267797743731,-0.4316096298241609,0.2772125909680383,0.0,True,True,False,False,False,True,False,True,False
2.437075117103938,-0.4025981827884851,3.5068282423213075,0.2772125909680383,1.0,True,False,False,False,False,False,False,False,False
-0.5253647615538934,0.2929042171309471,-0.2909511343903942,0.2772125909680383,1.0,True,True,False,False,False,False,False,False,False
0.2894144205384652,1.336262152803663,0.2067635417598572,-0.6847824858196229,,True,True,False,False,False,False,False,False,False
0.3302033252406777,-0.1918398797825965,0.2067635417598572,0.0,1.0,True,True,False,False,False,False,False,True,False
-0.3319088135376856,-0.0708103592445615,0.0,0.2772125909680383,1.0,True,True,False,True,False,True,False,False,False
-0.0463864806221983,-0.4025981827884851,-0.2152119445414429,0.2772125909680383,1.0,True,False,False,False,False,False,False,False,True
0.083472073123621,-0.4025981827884851,0.6720185651177011,0.2772125909680383,0.0,True,True,False,False,False,True,False,False,False
0.0218725027570143,0.5562477600947406,1.1048139356831372,0.2772125909680383,1.0,True,True,False,False,False,False,False,True,False
-0.4712570308264687,-0.0981463371591866,-0.4965289354089764,0.2772125909680383,1.0,False,False,False,False,False,False,False,False,True
1.1496440964418606,0.2234165786151443,1.7756467600595631,0.2772125909680383,1.0,True,False,False,False,True,False,False,False,False
-0.3710328649867466,0.0564793089075098,-0.2260318288055788,0.2772125909680383,1.0,True,True,False,False,False,False,False,False,False
-0.2186987923233816,-0.4025981827884851,-0.6047277780503354,0.2772125909680383,1.0,True,True,False,False,True,False,False,False,True
-0.6267543246708216,-0.4025981827884851,0.0,0.2772125909680383,0.0,False,False,False,False,True,True,False,False,True
0.8026886784850819,-0.4025981827884851,0.3366021529294881,0.2772125909680383,0.0,True,False,False,False,False,False,True,False,True
-0.2817967306178246,-0.0549513186223362,-0.5073488196731123,0.2772125909680383,1.0,True,False,False,False,False,True,False,False,False
-0.6317488844302762,-0.1494795475942842,-1.1781816440495383,0.2772125909680383,1.0,True,False,False,False,False,False,False,False,True
-0.0157531807642101,-0.4025981827884851,-0.5506283567296559,0.2772125909680383,0.0,False,True,False,False,False,False,True,False,False
-0.5526683549055785,0.0287259878186155,0.0,0.2772125909680383,1.0,True,True,False,False,False,False,False,False,True
-0.4259730223407471,0.1199154713964109,0.0228255092695469,0.2772125909680383,0.0,True,True,False,False,True,False,False,True,False
-0.1477760437391264,0.0132842903706593,-0.085373333371812,0.2772125909680383,1.0,True,False,False,False,True,True,False,True,False
0.4558997458536182,0.3799202689660516,0.3366021529294881,0.2772125909680383,1.0,True,False,False,False,False,False,False,False,False
-0.1988870386108784,-0.4025981827884851,-0.312590902918666,0.2772125909680383,0.0,True,True,False,True,False,False,False,True,False
0.9831587711267076,-0.4025981827884851,1.4077706950789424,0.2772125909680383,0.0,False,True,True,False,False,False,True,False,True
-0.4196465799787713,-0.0269893259463074,-0.3558704399752097,0.2772125909680383,0.0,True,True,False,False,False,True,False,True,False
2.437075117103938,-0.4025981827884851,3.5068282423213075,0.2772125909680383,1.0,True,False,False,False,False,False,False,False,False
-0.5764757564256454,-0.0706016876574269,-0.648007315106879,0.2772125909680383,1.0,True,True,False,False,False,False,False,True,False
-0.4041634447244621,-0.4025981827884851,-0.8860447689178689,0.2772125909680383,1.0,True,False,False,False,False,False,False,False,True
0.0808083079185785,0.1334791245601562,0.2825027316088086,0.2772125909680383,,True,True,False,False,False,False,False,False,False
0.7334307831539782,-0.4025981827884851,-0.0096341435228607,0.2772125909680383,1.0,True,True,True,False,False,False,True,False,False
-0.3487238313945161,-0.0547426470352016,-0.4532493983524328,0.2772125909680383,1.0,True,True,False,False,False,False,False,True,False
-0.4041634447244621,-0.4025981827884851,-0.8860447689178689,0.2772125909680383,1.0,True,False,False,False,False,False,False,False,True
-0.4181482120509349,-0.4025981827884851,1.0723542828907295,0.2772125909680383,1.0,False,False,False,False,True,False,False,False,False
1.6922197716439442,-0.4025981827884851,-1.091622569936451,0.2772125909680383,1.0,False,False,False,False,False,False,True,True,False
0.0674894818933663,-0.4025981827884851,-0.1719324074848993,0.2772125909680383,1.0,True,False,False,False,False,False,False,False,False
-0.4341308032811896,-0.4025981827884851,-0.7345663892199662,0.2772125909680383,0.0,True,False,False,False,False,False,False,True,False
-0.4820785769719536,0.1785521873812175,-0.648007315106879,0.2772125909680383,,True,False,False,False,False,True,False,True,False
-0.4437869521494684,0.084232629996404,-0.1827522917490352,0.2772125909680383,1.0,False,True,False,False,False,False,False,True,False
-0.6212603089354215,-0.1853710605814257,-0.6263675465786073,0.2772125909680383,1.0,True,True,False,False,False,True,False,True,False
0.1312533614890699,-0.1939265956539419,0.3366021529294881,0.2772125909680383,1.0,True,True,False,True,False,True,True,False,False
-0.5688174314611484,-0.4025981827884851,-0.972603843030956,-0.6847824858196229,0.0,True,True,True,False,False,False,True,False,False
0.1312533614890699,-0.1939265956539419,0.3366021529294881,0.2772125909680383,1.0,True,True,False,True,False,True,True,False,False
-0.021080711174295,-0.1872491048656365,-1.4053992135963922,0.2772125909680383,1.0,True,True,True,False,False,False,False,True,False
-0.438958877715329,0.2025494199016899,-0.2693113658621224,0.2772125909680383,1.0,True,True,False,False,False,False,False,True,False
-0.3653723639260314,0.1190807850478727,-0.3558704399752097,0.2772125909680383,0.0,True,True,False,False,True,False,False,False,False
-0.6913506308931009,-0.4025981827884851,-1.308020255219169,0.2772125909680383,1.0,True,False,False,False,False,True,False,False,True
-0.0573745120929984,-0.4025981827884851,-0.6696470836351508,0.2772125909680383,1.0,True,True,False,False,True,False,False,False,True
-0.5884626998483364,0.0583573531917206,-0.2368517130697147,0.2772125909680383,1.0,True,False,False,False,False,False,False,True,False
-0.3653723639260314,-0.4025981827884851,-0.658827199371015,0.2772125909680383,1.0,False,False,False,False,False,True,False,False,False
-0.4319664940520926,-0.4025981827884851,-0.972603843030956,0.2772125909680383,1.0,True,True,False,False,False,False,True,False,True
0.0373556380113236,0.6407597528842306,-0.3883300927676174,0.2772125909680383,1.0,True,True,False,True,False,False,False,False,False
-0.4985606241781538,-0.4025981827884851,0.0444652777978187,0.2772125909680383,1.0,False,False,True,False,False,False,False,False,True
-0.1406171747505749,0.084232629996404,-0.2801312501262583,0.2772125909680383,1.0,True,True,False,False,False,False,False,False,True
-0.562990445075118,-0.4025981827884851,-0.972603843030956,0.2772125909680383,1.0,False,False,False,False,False,True,False,False,False
0.2894144205384652,-0.4025981827884851,-0.3883300927676174,0.2772125909680383,1.0,True,False,False,False,False,True,False,False,False
-0.4897369019364507,-0.0895908020866703,-0.4640692826165686,-2.608772639394945,0.0,True,True,True,False,False,True,False,False,False
-0.398669428989062,0.0677475746127751,-0.3234107871828019,-2.608772639394945,0.0,True,False,False,False,False,True,False,False,True
-0.4952309176718507,0.0612787554116042,-0.0637335648435402,0.2772125909680383,1.0,True,True,False,False,False,False,False,True,False
-0.6192624850316397,-0.0113389569112167,-0.6371874308427431,0.2772125909680383,1.0,True,True,False,True,False,True,True,True,False
-0.2155355711423937,-0.4025981827884851,-0.2152119445414429,0.2772125909680383,0.0,False,False,False,False,False,False,False,True,False
0.0783110280388512,0.0155796778291393,1.01825486157005,0.2772125909680383,1.0,True,True,True,False,False,False,False,True,False
0.083472073123621,-0.4025981827884851,0.6720185651177011,0.2772125909680383,0.0,True,True,False,False,False,True,False,False,False
0.1146048289575546,0.5188955459976574,0.574639606740478,0.2772125909680383,0.0,True,False,False,False,False,False,False,False,False
-0.0435562300918407,-0.1665906177393168,0.3257822686653522,0.2772125909680383,,True,True,True,False,False,True,False,False,True
-0.1645910615959569,-0.4025981827884851,-0.8103055790689175,0.2772125909680383,1.0,False,False,True,False,False,True,False,False,False
-0.2100415554069937,0.1088558772782801,-0.4965289354089764,0.2772125909680383,1.0,False,True,False,False,False,False,False,False,True
1.8197475308353517,-0.1910051934340583,-0.0637335648435402,0.2772125909680383,1.0,True,True,False,True,False,False,True,False,False
0.9831587711267076,-0.4025981827884851,1.4077706950789424,0.2772125909680383,0.0,False,True,True,False,False,False,True,False,True
-0.0339000812235618,-0.4025981827884851,-0.2801312501262583,0.2772125909680383,1.0,True,True,False,True,False,False,False,False,True
1.5458791706919248,-0.4025981827884851,-0.648007315106879,0.2772125909680383,1.0,True,True,False,False,False,False,False,True,False
